,day,weather_code_berlin,humidity_berlin,temperature_berlin,feels_like_berlin,rain_berlin,snowfall_berlin,sunshine_hours_berlin,daylight_hours_berlin,day_of_week_berlin,weather_description_berlin,weather_code_brooklyn,humidity_brooklyn,temperature_brooklyn,feels_like_brooklyn,rain_brooklyn,snowfall_brooklyn,sunshine_hours_brooklyn,daylight_hours_brooklyn,month_year,year,month_num,season,day_of_week_brooklyn,weather_description_brooklyn,sunny_flag_brooklyn,sunny_flag_berlin,is_weekend,sun_ratio_berlin,sun_ratio_brooklyn,is_very_sunny_berlin,is_very_sunny_brooklyn
3265,2024-06-22,55,77,19.1,18.3,3.6,0.0,9.547408333333331,16.83812777777778,Saturday,Heavy Drizzle,63,87,9.0,7.7,7.3,0.0,11.82806111111111,15.086891666666666,2024-06,2024,6,summer,Saturday,Rain,False,False,True,0.5670112769861256,0.7839958934181457,False,False
3266,2024-06-23,3,70,18.3,16.9,0.0,0.0,12.007633333333334,16.834344444444444,Sunday,Cloudy,63,88,9.6,8.6,17.3,0.0,9.742683333333334,15.084436111111112,2024-06,2024,6,summer,Sunday,Rain,False,False,True,0.7132819084794247,0.6458765353619634,False,False
3272,2024-06-29,51,62,22.3,22.7,0.1,0.0,15.204208333333334,16.773894444444444,Saturday,Light Drizzle,61,80,11.3,10.5,2.9,0.0,13.237280555555555,15.0479,2024-06,2024,6,summer,Saturday,Light Rain,False,False,True,0.9064208901331798,0.8796762708122432,True,True
3273,2024-06-30,63,74,22.9,23.2,7.0,0.0,11.334691666666666,16.757805555555557,Sunday,Rain,61,84,10.7,9.7,6.4,0.0,12.976763888888888,15.038319444444443,2024-06,2024,6,summer,Sunday,Light Rain,False,False,True,0.676382813315851,0.8629131690431573,False,True
3279,2024-07-06,51,63,21.6,20.4,0.1,0.0,12.101861111111113,16.628197222222223,Saturday,Light Drizzle,53,72,9.4,7.5,3.8,0.0,13.80332777777778,14.961388888888887,2024-07,2024,7,summer,Saturday,Drizzle,False,False,True,0.727791530818384,0.9225966840571102,False,True
3280,2024-07-07,3,52,18.7,16.3,0.0,0.0,14.114694444444444,16.601422222222222,Sunday,Cloudy,63,77,9.6,8.1,8.2,0.0,12.150694444444444,14.945491666666666,2024-07,2024,7,summer,Sunday,Rain,False,False,True,0.8502099552381054,0.8130006503261761,True,True
3286,2024-07-13,61,70,18.8,17.5,3.1,0.0,10.244791666666666,16.411852777777778,Saturday,Light Rain,53,86,8.9,7.7,2.6,0.0,11.153555555555556,14.832427777777776,2024-07,2024,7,summer,Saturday,Drizzle,False,False,True,0.6242312678150801,0.7519710004768083,False,False
3287,2024-07-14,55,63,19.3,18.9,1.5,0.0,14.241908333333337,16.375019444444444,Sunday,Heavy Drizzle,61,89,8.9,7.6,6.3,0.0,11.402102777777776,14.810347222222225,2024-07,2024,7,summer,Sunday,Light Rain,False,False,True,0.8697338272880764,0.7698741026590828,True,False
3293,2024-07-20,3,48,24.7,23.8,0.0,0.0,13.98028888888889,16.125819444444442,Saturday,Cloudy,53,71,11.1,9.8,1.4,0.0,13.65922222222222,14.660202777777778,2024-07,2024,7,summer,Saturday,Drizzle,False,False,True,0.8669506028548077,0.9317212339604972,True,True
3294,2024-07-21,53,51,25.7,25.9,0.8,0.0,13.01553611111111,16.080219444444445,Sunday,Drizzle,51,78,11.6,10.8,1.5,0.0,11.245500000000002,14.632575,2024-07,2024,7,summer,Sunday,Light Drizzle,False,False,True,0.8094128414154104,0.7685250203740628,True,False
3300,2024-07-27,63,81,20.4,21.8,9.5,0.0,1.2935333333333334,15.788,Saturday,Rain,53,74,14.9,14.8,1.4,0.0,13.133833333333332,14.454363888888889,2024-07,2024,7,summer,Saturday,Drizzle,False,False,True,0.08193142471075078,0.9086413926128806,False,True
3301,2024-07-28,63,72,19.0,17.8,14.1,0.0,11.272158333333332,15.736747222222222,Sunday,Rain,51,80,14.1,13.9,0.7,0.0,13.22917222222222,14.4229,2024-07,2024,7,summer,Sunday,Light Drizzle,False,False,True,0.7162953165706099,0.9172338588094086,False,True
3307,2024-08-03,3,72,19.7,20.2,0.0,0.0,12.874522222222222,15.41515,Saturday,Cloudy,51,72,13.6,12.8,0.3,0.0,12.9807,14.2238,2024-08,2024,8,summer,Saturday,Light Drizzle,False,False,True,0.8351863084188101,0.9126042267185984,True,True
3308,2024-08-04,61,78,19.6,19.7,7.5,0.0,6.541341666666667,15.358505555555556,Sunday,Light Rain,53,75,12.8,12.0,1.9,0.0,12.961627777777778,14.188472222222222,2024-08,2024,8,summer,Sunday,Drizzle,False,False,True,0.4259100368199886,0.9135323081139815,False,True
3314,2024-08-10,51,69,20.7,20.2,0.1,0.0,13.715461111111113,15.004188888888889,Saturday,Light Drizzle,63,83,10.9,9.9,7.8,0.0,11.824516666666668,13.966105555555556,2024-08,2024,8,summer,Saturday,Rain,False,False,True,0.9141088007275007,0.8466581195187237,True,True
3315,2024-08-11,3,63,20.8,20.3,0.0,0.0,12.0,14.943288888888889,Sunday,Cloudy,61,87,10.1,8.9,6.0,0.0,12.415744444444444,13.927652777777778,2024-08,2024,8,summer,Sunday,Light Rain,False,False,True,0.8030360711906348,0.8914455753990611,True,True
3321,2024-08-17,3,70,23.3,25.0,0.0,0.0,12.499205555555555,14.571725,Saturday,Cloudy,51,81,13.3,13.0,1.0,0.0,11.967930555555556,13.691708333333334,2024-08,2024,8,summer,Saturday,Light Drizzle,False,False,True,0.8577711668011546,0.8741006063077511,True,True
3322,2024-08-18,51,78,20.7,21.4,0.1,0.0,5.994994444444444,14.509227777777776,Sunday,Light Drizzle,61,88,10.2,8.9,6.3,0.0,7.055913888888889,13.651808333333332,2024-08,2024,8,summer,Sunday,Light Rain,False,False,True,0.41318494245616105,0.516848297061175,False,False
3328,2024-08-24,3,58,25.2,24.8,0.0,0.0,12.744008333333332,14.128516666666668,Saturday,Cloudy,61,77,9.7,8.1,5.8,0.0,11.502975,13.407116666666669,2024-08,2024,8,summer,Saturday,Light Rain,False,False,True,0.902006108213766,0.8579753041606011,True,True
3329,2024-08-25,3,56,21.8,20.1,0.0,0.0,7.186597222222222,14.063466666666669,Sunday,Cloudy,51,66,9.8,8.0,0.2,0.0,12.070980555555556,13.365105555555555,2024-08,2024,8,summer,Sunday,Light Drizzle,False,False,True,0.5110117862515327,0.903171359581065,False,True
3335,2024-08-31,51,65,19.1,18.1,0.1,0.0,10.593041666666666,13.667138888888887,Saturday,Light Drizzle,51,67,9.9,8.2,1.1,0.0,12.0,13.10816111111111,2024-08,2024,8,summer,Saturday,Light Drizzle,False,False,True,0.7750738287498197,0.9154602158366989,False,True
3336,2024-09-01,53,63,19.1,17.4,0.8,0.0,11.852444444444446,13.600491666666668,Sunday,Drizzle,51,70,8.9,7.0,1.3,0.0,12.0,13.064802777777778,2024-09,2024,9,autumn,Sunday,Light Drizzle,False,False,True,0.8714717625608714,0.9184983657320166,True,True
3342,2024-09-07,3,51,24.1,23.1,0.0,0.0,11.981547222222222,13.20075,Saturday,Cloudy,73,64,1.2,-2.2,0.5,0.77,6.916691666666667,12.804044444444443,2024-09,2024,9,autumn,Saturday,Snow,False,False,True,0.9076414008463324,0.5401958495753079,True,False
3343,2024-09-08,3,51,25.9,25.4,0.0,0.0,11.954661111111111,13.134508333333336,Sunday,Cloudy,73,60,6.9,4.1,2.9,2.45,11.311152777777778,12.760733333333333,2024-09,2024,9,autumn,Sunday,Snow,False,False,True,0.9101719537359494,0.8864030367464079,True,True
3349,2024-09-14,51,64,13.7,9.2,1.3,0.0,10.47201111111111,12.733272222222222,Saturday,Light Drizzle,53,66,5.8,3.3,3.0,0.0,11.614158333333334,12.49736388888889,2024-09,2024,9,autumn,Saturday,Drizzle,False,False,True,0.8224131965729329,0.9293286517534476,True,True
3350,2024-09-15,3,68,13.6,9.8,0.0,0.0,7.915838888888889,12.665480555555556,Sunday,Cloudy,53,74,6.2,3.9,0.8,0.0,11.569916666666666,12.452805555555557,2024-09,2024,9,autumn,Sunday,Drizzle,False,False,True,0.6249931737028884,0.9291012065554168,False,True
3356,2024-09-21,0,58,16.5,14.1,0.0,0.0,11.152319444444444,12.256661111111113,Saturday,Sunny,53,61,9.8,7.5,0.8,0.0,11.301361111111111,12.183925,2024-09,2024,9,autumn,Saturday,Drizzle,False,True,True,0.9098986537479166,0.9275632533121396,True,True
3357,2024-09-22,2,67,16.7,15.2,0.0,0.0,11.083825,12.188527777777775,Sunday,Partly Cloudy,53,63,10.4,8.2,2.0,0.0,11.214144444444443,12.139108333333333,2024-09,2024,9,autumn,Sunday,Drizzle,False,False,True,0.9093653640604669,0.9238029793054083,True,True
3363,2024-09-28,51,68,12.6,8.4,0.4,0.0,10.134969444444444,11.783144444444444,Saturday,Light Drizzle,3,62,-2.3,-6.1,0.0,0.0,10.632561111111112,11.872580555555556,2024-09,2024,9,autumn,Saturday,Cloudy,False,False,True,0.8601243489994653,0.8955560302461625,True,True
3364,2024-09-29,3,72,9.7,6.8,0.0,0.0,10.139208333333334,11.71643888888889,Sunday,Cloudy,3,70,1.9,-1.6,0.0,0.0,10.57186111111111,11.828702777777778,2024-09,2024,9,autumn,Sunday,Cloudy,False,False,True,0.8653831108143876,0.8937464496083325,True,True
3370,2024-10-05,51,80,10.9,8.7,0.1,0.0,7.645269444444445,11.311680555555556,Saturday,Light Drizzle,3,73,1.5,-2.1,0.0,0.0,10.357930555555557,11.5626,2024-10,2024,10,autumn,Saturday,Cloudy,False,False,True,0.6758738815948607,0.8958132734467643,False,True
3371,2024-10-06,3,81,9.4,7.3,0.0,0.0,4.669613888888889,11.243738888888888,Sunday,Cloudy,75,89,1.6,-1.1,2.1,1.89,6.188408333333333,11.518025,2024-10,2024,10,autumn,Sunday,Heavy Snow,False,False,True,0.4153079269301977,0.5372803352426595,False,False
3377,2024-10-12,3,75,8.4,5.0,0.0,0.0,7.011699999999999,10.837130555555555,Saturday,Cloudy,73,92,2.3,-0.4,3.8,2.52,7.187025,11.252008333333334,2024-10,2024,10,autumn,Saturday,Snow,False,False,True,0.6470070618836935,0.6387326410618549,False,False
3378,2024-10-13,55,75,10.4,5.5,3.7,0.0,8.680102777777778,10.76995,Sunday,Heavy Drizzle,3,81,3.2,0.5,0.0,0.0,9.996816666666668,11.208197222222225,2024-10,2024,10,autumn,Sunday,Cloudy,False,False,True,0.8059557173225297,0.8919201249284067,True,True
3384,2024-10-19,3,80,13.8,11.9,0.0,0.0,7.284902777777778,10.374661111111113,Saturday,Cloudy,2,48,-2.7,-6.6,0.0,0.0,9.870075,10.951377777777775,2024-10,2024,10,autumn,Saturday,Partly Cloudy,False,False,True,0.7021822399553612,0.9012633113641715,False,True
3385,2024-10-20,3,83,13.0,11.4,0.0,0.0,6.662063888888889,10.309866666666666,Sunday,Cloudy,2,46,-0.6,-4.5,0.0,0.0,9.828669444444444,10.909350000000002,2024-10,2024,10,autumn,Sunday,Partly Cloudy,False,False,True,0.6461833216939975,0.9009399684164906,False,True
3391,2024-10-26,3,94,10.7,9.7,0.0,0.0,6.124597222222222,9.920169444444443,Saturday,Cloudy,73,86,-3.6,-7.0,0.0,0.49,6.672547222222222,10.657861111111112,2024-10,2024,10,autumn,Saturday,Snow,False,False,True,0.6173883678622201,0.6260681343713429,False,False
3392,2024-10-27,51,90,11.7,9.8,0.1,0.0,5.493552777777778,9.855575,Sunday,Light Drizzle,75,88,-0.2,-3.2,0.2,15.96,2.1141972222222223,10.61640277777778,2024-10,2024,10,autumn,Sunday,Heavy Snow,False,False,True,0.5574056082752937,0.19914440573483638,False,False
3398,2024-11-02,51,75,8.1,5.0,0.3,0.0,8.034786111111112,9.475475,Saturday,Light Drizzle,75,74,-5.0,-8.9,0.0,4.13,8.101011111111111,10.373983333333332,2024-11,2024,11,autumn,Saturday,Heavy Snow,False,False,True,0.8479560244854334,0.780896869679867,True,False
3399,2024-11-03,3,84,4.5,1.4,0.0,0.0,7.995627777777777,9.413972222222222,Sunday,Cloudy,3,61,-3.7,-8.1,0.0,0.0,9.169963888888889,10.335025,2024-11,2024,11,autumn,Sunday,Cloudy,False,False,True,0.8493362407532539,0.8872706054304551,True,True
3405,2024-11-09,3,90,3.8,0.1,0.0,0.0,7.560461111111111,9.061672222222224,Saturday,Cloudy,3,84,-5.7,-9.3,0.0,0.0,7.205063888888889,10.113283333333332,2024-11,2024,11,autumn,Saturday,Cloudy,False,False,True,0.8343339866752577,0.7124356800269833,True,False
3406,2024-11-10,3,93,1.5,-1.6,0.0,0.0,0.7081944444444445,9.005091666666667,Sunday,Cloudy,73,79,-6.0,-9.6,0.0,1.61,8.311222222222222,10.077844444444445,2024-11,2024,11,autumn,Sunday,Snow,False,False,True,0.07864377961480434,0.82470237242091,False,True
3412,2024-11-16,3,80,6.6,3.1,0.0,0.0,4.817394444444444,8.67565,Saturday,Cloudy,3,77,-10.7,-14.9,0.0,0.0,8.759488888888889,9.873105555555556,2024-11,2024,11,autumn,Saturday,Cloudy,False,False,True,0.5552776384990686,0.8872070535050606,False,True
3413,2024-11-17,55,86,6.1,2.1,3.7,0.0,1.7775944444444445,8.623061111111111,Sunday,Heavy Drizzle,3,50,-9.0,-13.2,0.0,0.0,8.592675,9.840694444444445,2024-11,2024,11,autumn,Sunday,Cloudy,False,False,True,0.20614424756354247,0.873177705954582,False,True
3419,2024-11-23,51,81,2.0,-2.4,0.1,0.0,4.128313888888889,8.328338888888888,Saturday,Light Drizzle,0,36,-14.5,-19.5,0.0,0.0,8.549563888888889,9.660625,2024-11,2024,11,autumn,Saturday,Sunny,True,False,True,0.4956947530553312,0.8849907629049766,False,True
3420,2024-11-24,63,78,8.2,4.4,11.4,0.0,1.1102055555555554,8.283458333333334,Sunday,Rain,3,53,-10.6,-15.6,0.0,0.0,8.246369444444445,9.633458333333332,2024-11,2024,11,autumn,Sunday,Cloudy,False,False,True,0.1340268171674136,0.8560134023635797,False,True
3426,2024-11-30,3,87,3.0,-0.2,0.0,0.0,6.553861111111112,8.045530555555555,Saturday,Cloudy,71,82,-11.7,-15.7,0.0,0.07,6.0782,9.490505555555556,2024-11,2024,11,autumn,Saturday,Light Snow,False,False,True,0.8145965099325334,0.6404506023856591,True,False
3427,2024-12-01,1,90,0.3,-3.3,0.0,0.0,6.518108333333333,8.010488888888888,Sunday,Mainly Sunny,73,90,-12.4,-16.3,0.1,2.8,0.0292722222222222,9.469583333333333,2024-12,2024,12,winter,Sunday,Snow,False,False,True,0.8136966948889235,0.0030911837608717948,True,False
3433,2024-12-07,53,91,5.1,1.8,2.8,0.0,2.0,7.828633333333334,Saturday,Drizzle,73,73,-14.8,-18.8,0.0,1.12,8.001794444444444,9.361905555555555,2024-12,2024,12,winter,Saturday,Snow,False,False,True,0.2554724323956076,0.8547185609767242,False,True
3434,2024-12-08,51,93,4.2,0.9,1.9,0.0,0.0,7.803561111111111,Sunday,Light Drizzle,73,85,-16.5,-20.7,0.0,5.6,0.0,9.3472,2024-12,2024,12,winter,Sunday,Snow,False,False,True,0.0,0.0,False,False
3440,2024-12-14,53,90,-0.2,-4.5,1.4,0.0,0.0,7.689397222222222,Saturday,Drizzle,71,44,-6.3,-10.6,0.0,0.14,7.624086111111111,9.281,2024-12,2024,12,winter,Saturday,Light Snow,False,False,True,0.0,0.8214724826108297,False,True
3441,2024-12-15,53,93,4.9,0.5,3.0,0.0,0.0,7.6769,Sunday,Drizzle,73,80,-12.2,-16.3,0.4,3.08,4.691402777777777,9.273894444444444,2024-12,2024,12,winter,Sunday,Snow,False,False,True,0.0,0.5058719188450734,False,False
3447,2024-12-21,51,83,4.5,0.2,1.5,0.0,0.1014722222222222,7.644261111111111,Saturday,Light Drizzle,71,75,-11.6,-15.4,0.0,1.26,0.0022472222222222,9.256366666666668,2024-12,2024,12,winter,Saturday,Light Snow,False,False,True,0.013274300909832865,0.0002427758431734049,False,False
3448,2024-12-22,53,89,5.5,1.6,3.9,0.0,3.4011222222222224,7.6457,Sunday,Drizzle,1,57,-15.3,-19.6,0.0,0.0,8.080727777777778,9.257497222222222,2024-12,2024,12,winter,Sunday,Mainly Sunny,False,False,True,0.4448411816082533,0.8728847099603054,False,True
3454,2024-12-28,3,97,-1.1,-3.9,0.0,0.0,0.4336916666666666,7.693663888888889,Saturday,Cloudy,0,43,-13.7,-18.1,0.0,0.0,8.154580555555556,9.28751388888889,2024-12,2024,12,winter,Saturday,Sunny,True,False,True,0.05636997832632118,0.8780154358973592,False,True
3455,2024-12-29,3,93,-0.9,-4.8,0.0,0.0,1.9593277777777776,7.708002777777778,Sunday,Cloudy,73,35,-8.9,-13.3,0.0,1.05,8.0,9.296272222222225,2024-12,2024,12,winter,Sunday,Snow,False,False,True,0.25419396363303504,0.8605599974661287,False,True
3461,2025-01-04,3,86,-1.1,-5.5,0.0,0.0,2.3966583333333333,7.82963611111111,Saturday,Cloudy,3,76,-9.8,-14.0,0.0,0.0,8.111358333333333,9.37011388888889,2025-01,2025,1,winter,Saturday,Cloudy,False,False,True,0.3061008582419575,0.8656627261437887,False,True
3462,2025-01-05,75,86,-1.1,-5.3,3.0,3.78,0.0,7.855561111111111,Sunday,Heavy Snow,71,81,-10.6,-14.4,0.0,0.35,7.169372222222223,9.385825,2025-01,2025,1,winter,Sunday,Light Snow,False,False,True,0.0,0.7638510436985798,False,False
3468,2025-01-11,73,87,0.1,-5.3,0.0,1.68,0.2863777777777778,8.04626388888889,Saturday,Snow,0,33,-16.3,-21.1,0.0,0.0,8.445716666666668,9.501916666666666,2025-01,2025,1,winter,Saturday,Sunny,True,False,True,0.035591397663857105,0.88884347894723,False,True
3469,2025-01-12,3,85,-0.8,-5.1,0.0,0.0,6.028652777777778,8.084077777777777,Sunday,Cloudy,0,35,-13.7,-18.3,0.0,0.0,8.465622222222223,9.524988888888888,2025-01,2025,1,winter,Sunday,Sunny,True,False,True,0.7457440345700123,0.888780272709563,False,True
3475,2025-01-18,3,95,-1.9,-4.9,0.0,0.0,2.6924361111111113,8.340352777777778,Saturday,Cloudy,73,51,-10.6,-14.8,0.0,0.28,7.813483333333334,9.682008333333334,2025-01,2025,1,winter,Saturday,Snow,False,False,True,0.3228204109405178,0.8070105978356763,False,True
3476,2025-01-19,3,84,-0.1,-3.9,0.0,0.0,6.9599472222222225,8.38723888888889,Sunday,Cloudy,71,67,-11.1,-15.0,0.0,0.14,4.752394444444445,9.710869444444445,2025-01,2025,1,winter,Sunday,Light Snow,False,False,True,0.8298258001739415,0.48938918102366963,True,False
3482,2025-01-25,51,77,9.0,5.6,1.1,0.0,1.1394944444444446,8.686958333333333,Saturday,Light Drizzle,3,37,-15.9,-20.8,0.0,0.0,8.793775,9.89639722222222,2025-01,2025,1,winter,Saturday,Cloudy,False,False,True,0.1311730067901916,0.8885834715944609,False,True
3483,2025-01-26,61,92,6.8,3.9,8.2,0.0,3.0399083333333334,8.73935,Sunday,Light Rain,3,26,-12.7,-17.0,0.0,0.0,8.750905555555555,9.929008333333334,2025-01,2025,1,winter,Sunday,Cloudy,False,False,True,0.347841467996285,0.8813473875510113,False,True
3489,2025-02-01,3,88,2.3,-0.8,0.0,0.0,0.3145083333333333,9.074027777777776,Saturday,Cloudy,1,55,-16.7,-21.1,0.0,0.0,9.159922222222225,10.139211111111113,2025-02,2025,2,winter,Saturday,Mainly Sunny,False,False,True,0.034660278878973876,0.9034156722690457,False,True
3490,2025-02-02,3,87,1.7,-1.2,0.0,0.0,2.9249027777777776,9.13326111111111,Sunday,Cloudy,0,29,-15.7,-20.2,0.0,0.0,9.217875,10.176613888888888,2025-02,2025,2,winter,Sunday,Sunny,True,False,True,0.3202473620533496,0.9057899907221924,False,True
3496,2025-02-08,3,75,2.0,-2.3,0.0,0.0,7.411658333333333,9.502363888888889,Saturday,Cloudy,71,61,-6.9,-11.0,0.0,0.21,6.237577777777777,10.410938888888888,2025-02,2025,2,winter,Saturday,Light Snow,False,False,True,0.7799804785417429,0.5991369120833909,False,False
3497,2025-02-09,3,80,0.1,-3.7,0.0,0.0,8.329672222222221,9.5655,Sunday,Cloudy,3,68,-8.2,-12.0,0.0,0.0,9.341358333333334,10.451225,2025-02,2025,2,winter,Sunday,Cloudy,False,False,True,0.8708036403974933,0.8938051121598983,True,True
3503,2025-02-15,73,86,-2.0,-5.1,0.1,0.91,0.2269111111111111,9.948133333333333,Saturday,Snow,73,69,-10.3,-14.3,0.0,1.05,7.206791666666667,10.696522222222224,2025-02,2025,2,winter,Saturday,Snow,False,False,True,0.022809415948497315,0.6737509180034631,False,False
3504,2025-02-16,71,80,-3.5,-7.3,0.0,0.07,7.283263888888888,10.012063888888887,Sunday,Light Snow,71,79,-15.1,-19.2,0.0,0.28,5.389255555555556,10.737758333333334,2025-02,2025,2,winter,Sunday,Light Snow,False,False,True,0.7274488027360326,0.5018976389909646,False,False
3510,2025-02-22,3,73,3.9,-0.1,0.0,0.0,9.151755555555557,10.40750277777778,Saturday,Cloudy,3,45,-8.0,-12.1,0.0,0.0,9.994658333333332,10.994119444444443,2025-02,2025,2,winter,Saturday,Cloudy,False,False,True,0.8793421199076199,0.9090912995659548,True,True
3511,2025-02-23,3,87,6.3,3.6,0.0,0.0,3.263413888888889,10.47496388888889,Sunday,Cloudy,3,49,-6.6,-10.8,0.0,0.0,9.998658333333331,11.037997222222222,2025-02,2025,2,winter,Sunday,Cloudy,False,False,True,0.3115441660233779,0.9058399030218595,False,True
3517,2025-03-01,51,88,3.4,0.1,0.2,0.0,1.9110527777777775,10.884027777777778,Saturday,Light Drizzle,3,51,-9.2,-13.2,0.0,0.0,9.942966666666669,11.304816666666666,2025-03,2025,3,spring,Saturday,Cloudy,False,False,True,0.1755832323103426,0.8795336501107938,False,True
3518,2025-03-02,3,85,3.5,0.1,0.0,0.0,3.145825,10.952444444444446,Sunday,Cloudy,73,62,-7.4,-11.6,0.0,0.98,9.027572222222222,11.34955,2025-03,2025,3,spring,Sunday,Snow,False,False,True,0.28722583492269604,0.7954123487030077,False,False
3524,2025-03-08,3,63,8.7,5.5,0.0,0.0,10.250405555555556,11.36003611111111,Saturday,Cloudy,75,91,-6.9,-10.4,0.1,4.55,0.0,11.616563888888887,2025-03,2025,3,spring,Saturday,Heavy Snow,False,False,True,0.902321564412085,0.0,True,False
3525,2025-03-09,3,72,8.3,5.9,0.0,0.0,10.320155555555557,11.427713888888889,Sunday,Cloudy,75,95,-5.5,-9.0,0.0,13.37,0.0,11.661069444444443,2025-03,2025,3,spring,Sunday,Heavy Snow,False,False,True,0.9030813735711213,0.0,True,False
3531,2025-03-15,51,85,3.9,0.6,0.6,0.0,3.77225,11.839894444444443,Saturday,Light Drizzle,73,66,-8.1,-12.0,0.0,1.12,10.800441666666666,11.932288888888888,2025-03,2025,3,spring,Saturday,Snow,False,False,True,0.3186050363624676,0.9051441653180073,False,True
3532,2025-03-16,51,77,3.4,-0.0,0.2,0.0,9.66207222222222,11.909213888888887,Sunday,Light Drizzle,3,66,-7.4,-11.0,0.0,0.0,10.883416666666667,11.977913888888889,2025-03,2025,3,spring,Sunday,Cloudy,False,False,True,0.811310663522198,0.9086237192573647,True,True
3538,2025-03-22,0,60,8.5,3.9,0.0,0.0,11.14873888888889,12.325144444444444,Saturday,Sunny,3,36,2.9,-0.5,0.0,0.0,10.26441111111111,12.251544444444445,2025-03,2025,3,spring,Saturday,Cloudy,False,True,True,0.904552391993603,0.8378054830275365,True,True
3539,2025-03-23,3,65,9.5,5.9,0.0,0.0,9.013622222222224,12.394086111111111,Sunday,Cloudy,73,46,4.0,0.9,0.0,0.49,9.883719444444443,12.29686111111111,2025-03,2025,3,spring,Sunday,Snow,False,False,True,0.7272518636240269,0.8037595411656543,False,True
3545,2025-03-29,3,75,8.9,6.1,0.0,0.0,9.463388888888888,12.802338888888888,Saturday,Cloudy,73,77,-7.0,-10.4,0.0,1.96,9.699505555555556,12.564944444444444,2025-03,2025,3,spring,Saturday,Snow,False,False,True,0.7391921875386485,0.7719497367013163,False,False
3546,2025-03-30,71,82,5.8,2.2,7.1,0.21,6.0129527777777785,12.870183333333337,Sunday,Light Snow,71,80,-9.1,-12.7,0.0,0.63,11.732175,12.609494444444444,2025-03,2025,3,spring,Sunday,Light Snow,False,False,True,0.4672002427661178,0.9304239001563637,False,True
3552,2025-04-05,3,62,6.7,2.6,0.0,0.0,11.386377777777778,13.279772222222222,Saturday,Cloudy,75,89,-0.7,-3.5,0.1,6.09,1.4285083333333333,12.87770277777778,2025-04,2025,4,spring,Saturday,Heavy Snow,False,False,True,0.8574226716572699,0.11092881688482653,True,False
3553,2025-04-06,3,58,3.6,-0.8,0.0,0.0,11.50381388888889,13.348086111111112,Sunday,Cloudy,75,84,2.0,-0.6,2.9,12.04,4.909952777777778,12.9223,2025-04,2025,4,spring,Sunday,Heavy Snow,False,False,True,0.8618324599594075,0.3799596649031347,True,False
3559,2025-04-12,3,70,12.6,11.0,0.0,0.0,11.051727777777778,13.754541666666666,Saturday,Cloudy,3,56,1.0,-2.4,0.0,0.0,12.006158333333332,13.186591666666668,2025-04,2025,4,spring,Saturday,Cloudy,False,False,True,0.8034966228326603,0.9104823017825554,True,True
3560,2025-04-13,3,61,15.1,12.7,0.0,0.0,12.334416666666668,13.821294444444446,Sunday,Cloudy,75,65,4.9,2.7,3.8,3.5,8.241866666666667,13.229802777777778,2025-04,2025,4,spring,Sunday,Heavy Snow,False,False,True,0.8924212356697576,0.6229772888610711,True,False
3566,2025-04-19,61,86,9.3,7.3,6.4,0.0,0.0,14.2135,Saturday,Light Rain,73,93,-3.5,-6.8,0.0,4.62,0.2208666666666666,13.482702777777778,2025-04,2025,4,spring,Saturday,Snow,False,False,True,0.0,0.01638148302361894,False,False
3567,2025-04-20,3,72,12.4,11.3,0.0,0.0,12.713975,14.27837777777778,Sunday,Cloudy,73,78,-0.7,-3.4,0.0,0.7,7.763108333333333,13.524375,2025-04,2025,4,spring,Sunday,Snow,False,False,True,0.8904355381174641,0.5740086572084354,True,False
3573,2025-04-26,1,50,10.3,6.6,0.0,0.0,13.495641666666666,14.665030555555555,Saturday,Mainly Sunny,71,59,1.9,-1.0,0.0,0.07,12.356380555555557,13.771194444444443,2025-04,2025,4,spring,Saturday,Light Snow,False,False,True,0.9202600441602292,0.8972628050096519,True,True
3574,2025-04-27,0,44,11.1,7.5,0.0,0.0,13.554936111111113,14.728591666666668,Sunday,Sunny,2,53,3.9,1.3,0.0,0.0,12.491211111111111,13.811497222222222,2025-04,2025,4,spring,Sunday,Partly Cloudy,False,True,True,0.9203144752657011,0.9044067352099369,True,True
3580,2025-05-03,51,64,15.1,13.6,0.6,0.0,10.231677777777778,15.099777777777778,Saturday,Light Drizzle,0,55,4.7,2.1,0.0,0.0,13.034075,14.04513611111111,2025-05,2025,5,spring,Saturday,Sunny,True,False,True,0.6776045269246053,0.9280134344649561,False,True
3581,2025-05-04,51,62,11.5,7.4,0.9,0.0,8.733869444444444,15.159397222222225,Sunday,Light Drizzle,2,47,5.6,3.0,0.0,0.0,12.935266666666667,14.082363888888889,2025-05,2025,5,spring,Sunday,Partly Cloudy,False,False,True,0.5761356679566011,0.9185437025152225,False,True
3587,2025-05-10,51,55,14.4,11.8,0.1,0.0,11.633583333333334,15.501711111111112,Saturday,Light Drizzle,73,84,3.2,1.4,1.8,0.63,10.098775,14.294727777777776,2025-05,2025,5,spring,Saturday,Snow,False,False,True,0.7504709157555367,0.7064685076199423,False,False
3588,2025-05-11,2,52,12.5,9.5,0.0,0.0,14.034447222222225,15.556986111111112,Sunday,Partly Cloudy,51,88,0.8,-1.5,1.4,0.0,11.271452777777778,14.328772222222224,2025-05,2025,5,spring,Sunday,Light Drizzle,False,False,True,0.9021315004066591,0.786630745675271,True,False
3594,2025-05-17,53,67,11.1,7.9,1.7,0.0,9.013280555555555,15.875263888888888,Saturday,Drizzle,51,58,10.4,8.5,0.3,0.0,13.560402777777776,14.523080555555554,2025-05,2025,5,spring,Saturday,Light Drizzle,False,False,True,0.5677562665187543,0.9337139407789402,False,True
3595,2025-05-18,55,75,10.5,7.5,2.3,0.0,5.972063888888889,15.925525,Sunday,Heavy Drizzle,63,95,4.6,2.6,13.0,0.0,5.736538888888889,14.553477777777776,2025-05,2025,5,spring,Sunday,Rain,False,False,True,0.37499949853388753,0.3941696257404684,False,False
3601,2025-05-24,51,59,11.9,8.7,0.1,0.0,9.951258333333334,16.204502777777776,Saturday,Light Drizzle,71,65,5.5,3.6,0.8,0.14,13.028641666666667,14.720622222222222,2025-05,2025,5,spring,Saturday,Light Snow,False,False,True,0.6141045158744458,0.8850605273327818,False,True
3602,2025-05-25,53,72,14.2,12.1,3.1,0.0,1.3189916666666666,16.246577777777777,Sunday,Drizzle,73,66,9.2,7.7,3.3,0.35,11.900147222222222,14.745575,2025-05,2025,5,spring,Sunday,Snow,False,False,True,0.08118581554269207,0.8070317517100704,False,True
3608,2025-05-31,53,69,19.8,20.2,1.0,0.0,13.799555555555555,16.471169444444445,Saturday,Drizzle,71,98,2.5,0.1,13.7,0.35,0.0,14.877861111111113,2025-05,2025,5,spring,Saturday,Light Snow,False,False,True,0.8378005946754438,0.0,True,False
3609,2025-06-01,55,71,20.6,20.8,2.3,0.0,10.098219444444444,16.50433333333333,Sunday,Heavy Drizzle,71,89,4.2,2.1,3.1,0.14,6.8565000000000005,14.897233333333334,2025-06,2025,6,summer,Sunday,Light Snow,False,False,True,0.6118526110987688,0.46025324612847573,False,False
3615,2025-06-07,63,70,17.7,16.7,5.4,0.0,13.646755555555556,16.67435,Saturday,Rain,51,90,7.8,6.2,1.6,0.0,5.867788888888889,14.995666666666668,2025-06,2025,6,summer,Saturday,Light Drizzle,False,False,True,0.8184280380078117,0.3912989678499714,True,False
3616,2025-06-08,63,71,15.7,13.3,7.6,0.0,14.576033333333331,16.697441666666666,Sunday,Rain,51,77,9.4,7.9,1.2,0.0,13.944083333333332,15.0089,2025-06,2025,6,summer,Sunday,Light Drizzle,False,False,True,0.872950097644699,0.9290543166610032,True,True
3622,2025-06-14,0,42,23.0,21.0,0.0,0.0,15.412966666666668,16.800630555555554,Saturday,Sunny,53,91,7.8,6.5,4.5,0.0,2.812447222222222,15.067327777777775,2025-06,2025,6,summer,Saturday,Drizzle,False,True,True,0.9174040590738411,0.18665866062661707,True,False
3623,2025-06-15,53,51,24.1,23.5,1.7,0.0,13.010391666666669,16.811555555555554,Sunday,Drizzle,63,87,8.4,7.2,12.0,0.0,12.364616666666668,15.073380555555556,2025-06,2025,6,summer,Sunday,Rain,False,False,True,0.7738957661396925,0.8202948649173111,False,True
